
BEGIN TRANSACTION T1
IF NOT EXISTS (SELECT * FROM MNT_MENU_LIST WHERE MENU_ID=559)
			BEGIN
				INSERT INTO MNT_MENU_LIST (MENU_ID,PARENT_ID,MENU_NAME,MENU_LINK,MENU_TOOLTIP,NESTLEVEL,MENU_ORDER,HASCHILD,SHOWTYPE,HIDESTATUS,ISSECURITY,LANGID,MENU_IMAGE,DEFAULT_PAGE,MODULE_NAME,AGENCY_LEVEL,LOB_CODE,IS_ACTIVE)
									VALUES(559,13,'Master Setup','/cms/cmsweb/Maintenance/MasterSetupIndex.aspx',NULL,2,21,0,NULL,NULL,NULL,NULL,NULL,NULL,NULL,NULL,NULL,NULL)
			END


IF NOT EXISTS (SELECT * FROM MNT_MENU_LIST_MULTILINGUAL WHERE MENU_ID=559)
	BEGIN
		INSERT INTO MNT_MENU_LIST_MULTILINGUAL (MENU_ID,MENU_NAME,LANG_ID) VALUES(559,'Configuração mestre',2)
	END		

----------------FOR Consultant Master--------------------
IF NOT EXISTS (SELECT * FROM MNT_MENU_LIST WHERE MENU_ID=560)
			BEGIN
				INSERT INTO MNT_MENU_LIST (MENU_ID,PARENT_ID,MENU_NAME,MENU_LINK,MENU_TOOLTIP,NESTLEVEL,MENU_ORDER,HASCHILD,SHOWTYPE,HIDESTATUS,ISSECURITY,LANGID,MENU_IMAGE,DEFAULT_PAGE,MODULE_NAME,AGENCY_LEVEL,LOB_CODE,IS_ACTIVE)
									VALUES(560,559,'Consultant Master','/cms/cmsweb/Maintenance/MasterSetupIndex.aspx?TYPE_ID=1',NULL,3,1,0,NULL,NULL,NULL,NULL,NULL,NULL,NULL,NULL,NULL,NULL)
			END


IF NOT EXISTS (SELECT * FROM MNT_MENU_LIST_MULTILINGUAL WHERE MENU_ID=560)
	BEGIN
		INSERT INTO MNT_MENU_LIST_MULTILINGUAL (MENU_ID,MENU_NAME,LANG_ID) VALUES(560,'Mestre consultor',2)
	END	


---------------FOR Surveyor Master------------------------
IF NOT EXISTS (SELECT * FROM MNT_MENU_LIST WHERE MENU_ID=561)
			BEGIN
				INSERT INTO MNT_MENU_LIST (MENU_ID,PARENT_ID,MENU_NAME,MENU_LINK,MENU_TOOLTIP,NESTLEVEL,MENU_ORDER,HASCHILD,SHOWTYPE,HIDESTATUS,ISSECURITY,LANGID,MENU_IMAGE,DEFAULT_PAGE,MODULE_NAME,AGENCY_LEVEL,LOB_CODE,IS_ACTIVE)
									VALUES(561,559,'Surveyor Master','/cms/cmsweb/Maintenance/MasterSetupIndex.aspx?TYPE_ID=2',NULL,3,1,0,NULL,NULL,NULL,NULL,NULL,NULL,NULL,NULL,NULL,NULL)
			END


IF NOT EXISTS (SELECT * FROM MNT_MENU_LIST_MULTILINGUAL WHERE MENU_ID=561)
	BEGIN
		INSERT INTO MNT_MENU_LIST_MULTILINGUAL (MENU_ID,MENU_NAME,LANG_ID) VALUES(561,'Mestre Surveyor',2)
	END	
			
			
---------------FOR WorkShop Master------------------------
IF NOT EXISTS (SELECT * FROM MNT_MENU_LIST WHERE MENU_ID=562)
			BEGIN
				INSERT INTO MNT_MENU_LIST (MENU_ID,PARENT_ID,MENU_NAME,MENU_LINK,MENU_TOOLTIP,NESTLEVEL,MENU_ORDER,HASCHILD,SHOWTYPE,HIDESTATUS,ISSECURITY,LANGID,MENU_IMAGE,DEFAULT_PAGE,MODULE_NAME,AGENCY_LEVEL,LOB_CODE,IS_ACTIVE)
									VALUES(562,559,'WorkShop Master','/cms/cmsweb/Maintenance/MasterSetupIndex.aspx?TYPE_ID=3',NULL,3,1,0,NULL,NULL,NULL,NULL,NULL,NULL,NULL,NULL,NULL,NULL)
			END


IF NOT EXISTS (SELECT * FROM MNT_MENU_LIST_MULTILINGUAL WHERE MENU_ID=562)
	BEGIN
		INSERT INTO MNT_MENU_LIST_MULTILINGUAL (MENU_ID,MENU_NAME,LANG_ID) VALUES(562,'WorkShop Mestre',2)
	END	
				
---------------FOR Solicitor Master------------------------
IF NOT EXISTS (SELECT * FROM MNT_MENU_LIST WHERE MENU_ID=563)
			BEGIN
				INSERT INTO MNT_MENU_LIST (MENU_ID,PARENT_ID,MENU_NAME,MENU_LINK,MENU_TOOLTIP,NESTLEVEL,MENU_ORDER,HASCHILD,SHOWTYPE,HIDESTATUS,ISSECURITY,LANGID,MENU_IMAGE,DEFAULT_PAGE,MODULE_NAME,AGENCY_LEVEL,LOB_CODE,IS_ACTIVE)
									VALUES(563,559,'Solicitor Master','/cms/cmsweb/Maintenance/MasterSetupIndex.aspx?TYPE_ID=4',NULL,3,1,0,NULL,NULL,NULL,NULL,NULL,NULL,NULL,NULL,NULL,NULL)
			END


IF NOT EXISTS (SELECT * FROM MNT_MENU_LIST_MULTILINGUAL WHERE MENU_ID=563)
	BEGIN
		INSERT INTO MNT_MENU_LIST_MULTILINGUAL (MENU_ID,MENU_NAME,LANG_ID) VALUES(563,'procurador Mestre',2)
	END	
			
			
---------------FOR Loss Nature Master Details------------------------
IF NOT EXISTS (SELECT * FROM MNT_MENU_LIST WHERE MENU_ID=564)
			BEGIN
				INSERT INTO MNT_MENU_LIST (MENU_ID,PARENT_ID,MENU_NAME,MENU_LINK,MENU_TOOLTIP,NESTLEVEL,MENU_ORDER,HASCHILD,SHOWTYPE,HIDESTATUS,ISSECURITY,LANGID,MENU_IMAGE,DEFAULT_PAGE,MODULE_NAME,AGENCY_LEVEL,LOB_CODE,IS_ACTIVE)
									VALUES(564,559,'Loss Nature Master Details','/cms/cmsweb/Maintenance/MasterValuesIndex.aspx?TYPE_ID=1',NULL,3,1,0,NULL,NULL,NULL,NULL,NULL,NULL,NULL,NULL,NULL,'N')
			END


IF NOT EXISTS (SELECT * FROM MNT_MENU_LIST_MULTILINGUAL WHERE MENU_ID=564)
	BEGIN
		INSERT INTO MNT_MENU_LIST_MULTILINGUAL (MENU_ID,MENU_NAME,LANG_ID) VALUES(564,'Detalhes perda de dominar a natureza',2)
	END	
					

---------------FOR Recovery Master Details------------------------
IF NOT EXISTS (SELECT * FROM MNT_MENU_LIST WHERE MENU_ID=565)
			BEGIN
				INSERT INTO MNT_MENU_LIST (MENU_ID,PARENT_ID,MENU_NAME,MENU_LINK,MENU_TOOLTIP,NESTLEVEL,MENU_ORDER,HASCHILD,SHOWTYPE,HIDESTATUS,ISSECURITY,LANGID,MENU_IMAGE,DEFAULT_PAGE,MODULE_NAME,AGENCY_LEVEL,LOB_CODE,IS_ACTIVE)
									VALUES(565,559,'Recovery Master Details','/cms/cmsweb/Maintenance/MasterValuesIndex.aspx?TYPE_ID=2',NULL,3,1,0,NULL,NULL,NULL,NULL,NULL,NULL,NULL,NULL,NULL,NULL)
			END


IF NOT EXISTS (SELECT * FROM MNT_MENU_LIST_MULTILINGUAL WHERE MENU_ID=565)
	BEGIN
		INSERT INTO MNT_MENU_LIST_MULTILINGUAL (MENU_ID,MENU_NAME,LANG_ID) VALUES(565,'Mestre Detalhes recuperação',2)
	END	
			
			
---------------FOR Fee Master Details------------------------
IF NOT EXISTS (SELECT * FROM MNT_MENU_LIST WHERE MENU_ID=566)
			BEGIN
				INSERT INTO MNT_MENU_LIST (MENU_ID,PARENT_ID,MENU_NAME,MENU_LINK,MENU_TOOLTIP,NESTLEVEL,MENU_ORDER,HASCHILD,SHOWTYPE,HIDESTATUS,ISSECURITY,LANGID,MENU_IMAGE,DEFAULT_PAGE,MODULE_NAME,AGENCY_LEVEL,LOB_CODE,IS_ACTIVE)
									VALUES(566,559,'Fee Master Details','/cms/cmsweb/Maintenance/MasterValuesIndex.aspx?TYPE_ID=3',NULL,3,1,0,NULL,NULL,NULL,NULL,NULL,NULL,NULL,NULL,NULL,NULL)
			END


IF NOT EXISTS (SELECT * FROM MNT_MENU_LIST_MULTILINGUAL WHERE MENU_ID=566)
	BEGIN
		INSERT INTO MNT_MENU_LIST_MULTILINGUAL (MENU_ID,MENU_NAME,LANG_ID) VALUES(566,'Mestre Detalhes taxa',2)
	END	



---------Screen Id------------------
-----------------For Consultant Master---------------
		    
IF NOT EXISTS (SELECT * FROM MNT_SCREEN_LIST WHERE SCREEN_ID='560')
		    BEGIN 
		      INSERT INTO MNT_SCREEN_LIST (SCREEN_ID,SCREEN_DESC,SCREEN_PATH,SCREEN_READ,SCREEN_WRITE,SCREEN_DELETE,SCREEN_EXECUTE,IS_ACTIVE) 
					VALUES('560','Consultant Master','/cms/cmsweb/Maintenance/MasterSetupIndex.aspx','1','1','1','1','Y')
		    END
	
		IF NOT EXISTS (SELECT * FROM MNT_SCREEN_LIST_MULTILINGUAL  WHERE SCREEN_ID='560')
		    BEGIN 
		      INSERT INTO MNT_SCREEN_LIST_MULTILINGUAL (SCREEN_ID,SCREEN_DESC,LANG_ID) 
					VALUES('560','Mestre consultor',2)
		    END						
		    	
IF NOT EXISTS (SELECT * FROM MNT_SCREEN_LIST WHERE SCREEN_ID='560_0')
		    BEGIN 
		      INSERT INTO MNT_SCREEN_LIST (SCREEN_ID,SCREEN_DESC,SCREEN_PATH,SCREEN_READ,SCREEN_WRITE,SCREEN_DELETE,SCREEN_EXECUTE,IS_ACTIVE) 
					VALUES('560_0','Add Consultant Master','/cms/cmsweb/Maintenance/AddMasterSetup.aspx','1','1','1','1','Y')
		    END
	
		IF NOT EXISTS (SELECT * FROM MNT_SCREEN_LIST_MULTILINGUAL  WHERE SCREEN_ID='560_0')
		    BEGIN 
		      INSERT INTO MNT_SCREEN_LIST_MULTILINGUAL (SCREEN_ID,SCREEN_DESC,LANG_ID) 
					VALUES('560_0','Adicionar Mestre Consultor',2)
		    END				    
--------------------------------FOR Surveyor Master---------------		    	    
IF NOT EXISTS (SELECT * FROM MNT_SCREEN_LIST WHERE SCREEN_ID='561')
		    BEGIN 
		      INSERT INTO MNT_SCREEN_LIST (SCREEN_ID,SCREEN_DESC,SCREEN_PATH,SCREEN_READ,SCREEN_WRITE,SCREEN_DELETE,SCREEN_EXECUTE,IS_ACTIVE) 
					VALUES('561','Surveyor Master','/cms/cmsweb/Maintenance/MasterSetupIndex.aspx','1','1','1','1','Y')
		    END
	
		IF NOT EXISTS (SELECT * FROM MNT_SCREEN_LIST_MULTILINGUAL  WHERE SCREEN_ID='561')
		    BEGIN 
		      INSERT INTO MNT_SCREEN_LIST_MULTILINGUAL (SCREEN_ID,SCREEN_DESC,LANG_ID) 
					VALUES('561','Mestre Surveyor',2)
		    END						
		    	
IF NOT EXISTS (SELECT * FROM MNT_SCREEN_LIST WHERE SCREEN_ID='561_0')
		    BEGIN 
		      INSERT INTO MNT_SCREEN_LIST (SCREEN_ID,SCREEN_DESC,SCREEN_PATH,SCREEN_READ,SCREEN_WRITE,SCREEN_DELETE,SCREEN_EXECUTE,IS_ACTIVE) 
					VALUES('561_0','Add Surveyor Master','/cms/cmsweb/Maintenance/AddMasterSetup.aspx','1','1','1','1','Y')
		    END
	
		IF NOT EXISTS (SELECT * FROM MNT_SCREEN_LIST_MULTILINGUAL  WHERE SCREEN_ID='561_0')
		    BEGIN 
		      INSERT INTO MNT_SCREEN_LIST_MULTILINGUAL (SCREEN_ID,SCREEN_DESC,LANG_ID) 
					VALUES('561_0','Adicionar Mestre Surveyor',2)
		    END			    
		    
---------------------FOR WorkShop Master---------------------		    
IF NOT EXISTS (SELECT * FROM MNT_SCREEN_LIST WHERE SCREEN_ID='562')
		    BEGIN 
		      INSERT INTO MNT_SCREEN_LIST (SCREEN_ID,SCREEN_DESC,SCREEN_PATH,SCREEN_READ,SCREEN_WRITE,SCREEN_DELETE,SCREEN_EXECUTE,IS_ACTIVE) 
					VALUES('562','WorkShop Master','/cms/cmsweb/Maintenance/MasterSetupIndex.aspx','1','1','1','1','Y')
		    END
	
		IF NOT EXISTS (SELECT * FROM MNT_SCREEN_LIST_MULTILINGUAL  WHERE SCREEN_ID='562')
		    BEGIN 
		      INSERT INTO MNT_SCREEN_LIST_MULTILINGUAL (SCREEN_ID,SCREEN_DESC,LANG_ID) 
					VALUES('562','WorkShop Mestre',2)
		    END						
		    	
IF NOT EXISTS (SELECT * FROM MNT_SCREEN_LIST WHERE SCREEN_ID='562_0')
		    BEGIN 
		      INSERT INTO MNT_SCREEN_LIST (SCREEN_ID,SCREEN_DESC,SCREEN_PATH,SCREEN_READ,SCREEN_WRITE,SCREEN_DELETE,SCREEN_EXECUTE,IS_ACTIVE) 
					VALUES('562_0','Add WorkShop Master','/cms/cmsweb/Maintenance/AddMasterSetup.aspx','1','1','1','1','Y')
		    END
	
		IF NOT EXISTS (SELECT * FROM MNT_SCREEN_LIST_MULTILINGUAL  WHERE SCREEN_ID='562_0')
		    BEGIN 
		      INSERT INTO MNT_SCREEN_LIST_MULTILINGUAL (SCREEN_ID,SCREEN_DESC,LANG_ID) 
					VALUES('562_0','Adicionar WorkShop Mestre',2)
		    END			    
		    		    
		    
---------------------FOR Solicitor Master---------------------		    
IF NOT EXISTS (SELECT * FROM MNT_SCREEN_LIST WHERE SCREEN_ID='563')
		    BEGIN 
		      INSERT INTO MNT_SCREEN_LIST (SCREEN_ID,SCREEN_DESC,SCREEN_PATH,SCREEN_READ,SCREEN_WRITE,SCREEN_DELETE,SCREEN_EXECUTE,IS_ACTIVE) 
					VALUES('563','Solicitor Master','/cms/cmsweb/Maintenance/MasterSetupIndex.aspx','1','1','1','1','Y')
		    END
	
		IF NOT EXISTS (SELECT * FROM MNT_SCREEN_LIST_MULTILINGUAL  WHERE SCREEN_ID='563')
		    BEGIN 
		      INSERT INTO MNT_SCREEN_LIST_MULTILINGUAL (SCREEN_ID,SCREEN_DESC,LANG_ID) 
					VALUES('563','procurador Mestre',2)
		    END						
		    	
IF NOT EXISTS (SELECT * FROM MNT_SCREEN_LIST WHERE SCREEN_ID='563_0')
		    BEGIN 
		      INSERT INTO MNT_SCREEN_LIST (SCREEN_ID,SCREEN_DESC,SCREEN_PATH,SCREEN_READ,SCREEN_WRITE,SCREEN_DELETE,SCREEN_EXECUTE,IS_ACTIVE) 
					VALUES('563_0','Add Solicitor Master','/cms/cmsweb/Maintenance/AddMasterSetup.aspx','1','1','1','1','Y')
		    END
	
		IF NOT EXISTS (SELECT * FROM MNT_SCREEN_LIST_MULTILINGUAL  WHERE SCREEN_ID='563_0')
		    BEGIN 
		      INSERT INTO MNT_SCREEN_LIST_MULTILINGUAL (SCREEN_ID,SCREEN_DESC,LANG_ID) 
					VALUES('563_0','Adicionar procurador Mestre',2)
		    END			       
		    
		    
-----------------Loss Nature Master Details---------------		    
IF NOT EXISTS (SELECT * FROM MNT_SCREEN_LIST WHERE SCREEN_ID='564')
		    BEGIN 
		      INSERT INTO MNT_SCREEN_LIST (SCREEN_ID,SCREEN_DESC,SCREEN_PATH,SCREEN_READ,SCREEN_WRITE,SCREEN_DELETE,SCREEN_EXECUTE,IS_ACTIVE) 
					VALUES('564','Loss Nature Master Details','/cms/cmsweb/Maintenance/MasterValuesIndex.aspx','1','1','1','1','N')
		    END
	
		IF NOT EXISTS (SELECT * FROM MNT_SCREEN_LIST_MULTILINGUAL  WHERE SCREEN_ID='564')
		    BEGIN 
		      INSERT INTO MNT_SCREEN_LIST_MULTILINGUAL (SCREEN_ID,SCREEN_DESC,LANG_ID) 
					VALUES('564','Detalhes perda de dominar a natureza',2)
		    END						
		    	
IF NOT EXISTS (SELECT * FROM MNT_SCREEN_LIST WHERE SCREEN_ID='564_0')
		    BEGIN 
		      INSERT INTO MNT_SCREEN_LIST (SCREEN_ID,SCREEN_DESC,SCREEN_PATH,SCREEN_READ,SCREEN_WRITE,SCREEN_DELETE,SCREEN_EXECUTE,IS_ACTIVE) 
					VALUES('564_0','Add Loss Nature Master','/cms/cmsweb/Maintenance/AddMasterValues.aspx','1','1','1','1','N')
		    END
	
		IF NOT EXISTS (SELECT * FROM MNT_SCREEN_LIST_MULTILINGUAL  WHERE SCREEN_ID='564_0')
		    BEGIN 
		      INSERT INTO MNT_SCREEN_LIST_MULTILINGUAL (SCREEN_ID,SCREEN_DESC,LANG_ID) 
					VALUES('564_0','Adicionar Mestre Nature Loss',2)
		    END			    	
		    
		    		
-----------------Recovery Master Details---------------		    
IF NOT EXISTS (SELECT * FROM MNT_SCREEN_LIST WHERE SCREEN_ID='565')
		    BEGIN 
		      INSERT INTO MNT_SCREEN_LIST (SCREEN_ID,SCREEN_DESC,SCREEN_PATH,SCREEN_READ,SCREEN_WRITE,SCREEN_DELETE,SCREEN_EXECUTE,IS_ACTIVE) 
					VALUES('565','Recovery Master Details','/cms/cmsweb/Maintenance/MasterValuesIndex.aspx','1','1','1','1','Y')
		    END
	
		IF NOT EXISTS (SELECT * FROM MNT_SCREEN_LIST_MULTILINGUAL  WHERE SCREEN_ID='565')
		    BEGIN 
		      INSERT INTO MNT_SCREEN_LIST_MULTILINGUAL (SCREEN_ID,SCREEN_DESC,LANG_ID) 
					VALUES('565','Mestre Detalhes recuperação',2)
		    END						
		    	
IF NOT EXISTS (SELECT * FROM MNT_SCREEN_LIST WHERE SCREEN_ID='565_0')
		    BEGIN 
		      INSERT INTO MNT_SCREEN_LIST (SCREEN_ID,SCREEN_DESC,SCREEN_PATH,SCREEN_READ,SCREEN_WRITE,SCREEN_DELETE,SCREEN_EXECUTE,IS_ACTIVE) 
					VALUES('565_0','Add Recovery Master','/cms/cmsweb/Maintenance/AddMasterValues.aspx','1','1','1','1','Y')
		    END
	
		IF NOT EXISTS (SELECT * FROM MNT_SCREEN_LIST_MULTILINGUAL  WHERE SCREEN_ID='565_0')
		    BEGIN 
		      INSERT INTO MNT_SCREEN_LIST_MULTILINGUAL (SCREEN_ID,SCREEN_DESC,LANG_ID) 
					VALUES('565_0','Adicionar Mestre Detalhes recuperação',2)
		    END		
		    
-----------------FOR Fee Master Details---------------		    
IF NOT EXISTS (SELECT * FROM MNT_SCREEN_LIST WHERE SCREEN_ID='566')
		    BEGIN 
		      INSERT INTO MNT_SCREEN_LIST (SCREEN_ID,SCREEN_DESC,SCREEN_PATH,SCREEN_READ,SCREEN_WRITE,SCREEN_DELETE,SCREEN_EXECUTE,IS_ACTIVE) 
					VALUES('566','Fee Master Details','/cms/cmsweb/Maintenance/MasterValuesIndex.aspx','1','1','1','1','Y')
		    END
	
		IF NOT EXISTS (SELECT * FROM MNT_SCREEN_LIST_MULTILINGUAL  WHERE SCREEN_ID='566')
		    BEGIN 
		      INSERT INTO MNT_SCREEN_LIST_MULTILINGUAL (SCREEN_ID,SCREEN_DESC,LANG_ID) 
					VALUES('566','Mestre Detalhes taxa',2)
		    END						
		    	
IF NOT EXISTS (SELECT * FROM MNT_SCREEN_LIST WHERE SCREEN_ID='566_0')
		    BEGIN 
		      INSERT INTO MNT_SCREEN_LIST (SCREEN_ID,SCREEN_DESC,SCREEN_PATH,SCREEN_READ,SCREEN_WRITE,SCREEN_DELETE,SCREEN_EXECUTE,IS_ACTIVE) 
					VALUES('566_0','Add Fee Master','/cms/cmsweb/Maintenance/AddMasterValues.aspx','1','1','1','1','Y')
		    END
	
		IF NOT EXISTS (SELECT * FROM MNT_SCREEN_LIST_MULTILINGUAL  WHERE SCREEN_ID='566_0')
		    BEGIN 
		      INSERT INTO MNT_SCREEN_LIST_MULTILINGUAL (SCREEN_ID,SCREEN_DESC,LANG_ID) 
					VALUES('566_0','Adicionar Mestre Detalhes recuperação',2)
		    END		    													
ROLLBACK TRANSACTION T1


